"","month","rainfall","site_id"
"1","November 2021",155.9482421875,"20211101"
"2","November 2021",155.9482421875,"20211101"
"3","November 2021",155.9482421875,"20211101"
"4","November 2021",156.498046875,"20211101"
"5","November 2021",156.498046875,"20211101"
"6","November 2021",156.498046875,"20211101"
"7","November 2021",156.498046875,"20211101"
"8","November 2021",156.498046875,"20211101"
"9","November 2021",156.5185546875,"20211101"
"10","November 2021",152.625,"20211101"
"11","November 2021",154.8544921875,"20211101"
"12","November 2021",154.8544921875,"20211101"
"13","November 2021",154.8544921875,"20211101"
"14","November 2021",154.8544921875,"20211101"
"15","November 2021",155.5439453125,"20211101"
"16","November 2021",155.5439453125,"20211101"
"17","November 2021",155.5439453125,"20211101"
"18","November 2021",155.5439453125,"20211101"
"19","November 2021",155.5439453125,"20211101"
"20","November 2021",150.3779296875,"20211101"
"21","November 2021",161.23046875,"20211101"
"22","November 2021",161.23046875,"20211101"
"23","November 2021",172.724609375,"20211101"
"24","November 2021",172.724609375,"20211101"
"25","November 2021",172.724609375,"20211101"
"26","November 2021",172.724609375,"20211101"
"27","November 2021",178.525390625,"20211101"
"28","November 2021",178.982421875,"20211101"
"29","November 2021",178.982421875,"20211101"
"30","November 2021",178.982421875,"20211101"
"31","November 2021",184.2978515625,"20211101"
"32","November 2021",184.2978515625,"20211101"
"33","November 2021",184.2978515625,"20211101"
"34","November 2021",184.2978515625,"20211101"
"35","November 2021",184.2978515625,"20211101"
"36","November 2021",184.2978515625,"20211101"
"37","November 2021",178.9228515625,"20211101"
"38","November 2021",178.9228515625,"20211101"
"39","November 2021",178.9228515625,"20211101"
"40","November 2021",178.9228515625,"20211101"
"41","November 2021",199.310546875,"20211101"
"42","November 2021",199.310546875,"20211101"
"43","November 2021",199.310546875,"20211101"
"44","November 2021",201.576171875,"20211101"
"45","November 2021",201.576171875,"20211101"
"46","November 2021",201.576171875,"20211101"
"47","November 2021",201.576171875,"20211101"
"48","November 2021",201.576171875,"20211101"
"49","November 2021",198.7578125,"20211101"
"50","November 2021",198.7578125,"20211101"
"51","November 2021",165.2177734375,"20211101"
"52","November 2021",176.6025390625,"20211101"
"53","November 2021",176.6025390625,"20211101"
"54","November 2021",167.3017578125,"20211101"
"55","November 2021",167.3017578125,"20211101"
"56","November 2021",167.3017578125,"20211101"
"57","November 2021",167.3017578125,"20211101"
"58","November 2021",167.3017578125,"20211101"
"59","November 2021",167.3017578125,"20211101"
"60","November 2021",167.3017578125,"20211101"
"61","November 2021",183.1708984375,"20211101"
"62","November 2021",197.728515625,"20211101"
"63","November 2021",197.728515625,"20211101"
"64","November 2021",207.9853515625,"20211101"
"65","November 2021",207.9853515625,"20211101"
"66","November 2021",207.9853515625,"20211101"
"67","November 2021",207.9853515625,"20211101"
"68","November 2021",207.9853515625,"20211101"
"69","November 2021",207.9853515625,"20211101"
"70","November 2021",207.5185546875,"20211101"
"71","November 2021",198.7470703125,"20211101"
"72","November 2021",198.7470703125,"20211101"
"73","November 2021",192.404296875,"20211101"
"74","November 2021",192.404296875,"20211101"
"75","November 2021",192.404296875,"20211101"
"76","November 2021",192.3681640625,"20211101"
"77","November 2021",192.3681640625,"20211101"
"78","November 2021",192.3681640625,"20211101"
"79","November 2021",192.3681640625,"20211101"
"80","November 2021",192.3681640625,"20211101"
"81","November 2021",172.7392578125,"20211101"
"82","November 2021",172.7392578125,"20211101"
"83","November 2021",172.7392578125,"20211101"
"84","November 2021",172.7392578125,"20211101"
"85","November 2021",172.7392578125,"20211101"
"86","November 2021",172.7392578125,"20211101"
"87","November 2021",172.7490234375,"20211101"
"88","November 2021",176.6298828125,"20211101"
"89","November 2021",176.6298828125,"20211101"
"90","November 2021",176.6298828125,"20211101"
"91","November 2021",170.802734375,"20211101"
"92","November 2021",170.802734375,"20211101"
"93","November 2021",170.802734375,"20211101"
"94","November 2021",169.4931640625,"20211101"
"95","November 2021",170.802734375,"20211101"
"96","November 2021",169.4931640625,"20211101"
"97","November 2021",167.96875,"20211101"
"98","November 2021",167.96875,"20211101"
"99","November 2021",167.96875,"20211101"
"100","November 2021",167.96875,"20211101"
"101","December 2021",136.7822265625,"20211201"
"102","December 2021",136.7822265625,"20211201"
"103","December 2021",136.7822265625,"20211201"
"104","December 2021",132.462890625,"20211201"
"105","December 2021",132.462890625,"20211201"
"106","December 2021",132.462890625,"20211201"
"107","December 2021",132.462890625,"20211201"
"108","December 2021",132.462890625,"20211201"
"109","December 2021",128.6767578125,"20211201"
"110","December 2021",125.369140625,"20211201"
"111","December 2021",148.580078125,"20211201"
"112","December 2021",148.580078125,"20211201"
"113","December 2021",148.580078125,"20211201"
"114","December 2021",148.580078125,"20211201"
"115","December 2021",147.587890625,"20211201"
"116","December 2021",147.587890625,"20211201"
"117","December 2021",147.587890625,"20211201"
"118","December 2021",147.587890625,"20211201"
"119","December 2021",147.587890625,"20211201"
"120","December 2021",149.740234375,"20211201"
"121","December 2021",132.08203125,"20211201"
"122","December 2021",132.08203125,"20211201"
"123","December 2021",132.8759765625,"20211201"
"124","December 2021",132.8759765625,"20211201"
"125","December 2021",132.8759765625,"20211201"
"126","December 2021",132.8759765625,"20211201"
"127","December 2021",131.875,"20211201"
"128","December 2021",129.96484375,"20211201"
"129","December 2021",129.96484375,"20211201"
"130","December 2021",129.96484375,"20211201"
"131","December 2021",129.646484375,"20211201"
"132","December 2021",129.646484375,"20211201"
"133","December 2021",129.646484375,"20211201"
"134","December 2021",129.646484375,"20211201"
"135","December 2021",129.646484375,"20211201"
"136","December 2021",129.646484375,"20211201"
"137","December 2021",127.892578125,"20211201"
"138","December 2021",127.892578125,"20211201"
"139","December 2021",127.892578125,"20211201"
"140","December 2021",127.892578125,"20211201"
"141","December 2021",114.57421875,"20211201"
"142","December 2021",114.57421875,"20211201"
"143","December 2021",114.57421875,"20211201"
"144","December 2021",111.197265625,"20211201"
"145","December 2021",111.197265625,"20211201"
"146","December 2021",111.197265625,"20211201"
"147","December 2021",111.197265625,"20211201"
"148","December 2021",111.197265625,"20211201"
"149","December 2021",105.9306640625,"20211201"
"150","December 2021",105.9306640625,"20211201"
"151","December 2021",110.8076171875,"20211201"
"152","December 2021",116.498046875,"20211201"
"153","December 2021",116.498046875,"20211201"
"154","December 2021",116.998046875,"20211201"
"155","December 2021",116.998046875,"20211201"
"156","December 2021",116.998046875,"20211201"
"157","December 2021",116.998046875,"20211201"
"158","December 2021",116.998046875,"20211201"
"159","December 2021",116.998046875,"20211201"
"160","December 2021",116.998046875,"20211201"
"161","December 2021",118.0751953125,"20211201"
"162","December 2021",122.8154296875,"20211201"
"163","December 2021",122.8154296875,"20211201"
"164","December 2021",126.7138671875,"20211201"
"165","December 2021",126.7138671875,"20211201"
"166","December 2021",126.7138671875,"20211201"
"167","December 2021",126.7138671875,"20211201"
"168","December 2021",126.7138671875,"20211201"
"169","December 2021",126.7138671875,"20211201"
"170","December 2021",122.5205078125,"20211201"
"171","December 2021",126.880859375,"20211201"
"172","December 2021",126.880859375,"20211201"
"173","December 2021",123.9931640625,"20211201"
"174","December 2021",123.9931640625,"20211201"
"175","December 2021",123.9931640625,"20211201"
"176","December 2021",121.138671875,"20211201"
"177","December 2021",121.138671875,"20211201"
"178","December 2021",121.138671875,"20211201"
"179","December 2021",121.138671875,"20211201"
"180","December 2021",121.138671875,"20211201"
"181","December 2021",114.197265625,"20211201"
"182","December 2021",114.197265625,"20211201"
"183","December 2021",114.197265625,"20211201"
"184","December 2021",114.197265625,"20211201"
"185","December 2021",114.197265625,"20211201"
"186","December 2021",114.197265625,"20211201"
"187","December 2021",114.88671875,"20211201"
"188","December 2021",116.0576171875,"20211201"
"189","December 2021",116.0576171875,"20211201"
"190","December 2021",116.0576171875,"20211201"
"191","December 2021",113.7080078125,"20211201"
"192","December 2021",113.7080078125,"20211201"
"193","December 2021",113.7080078125,"20211201"
"194","December 2021",112.1611328125,"20211201"
"195","December 2021",113.7080078125,"20211201"
"196","December 2021",112.1611328125,"20211201"
"197","December 2021",111.1728515625,"20211201"
"198","December 2021",111.1728515625,"20211201"
"199","December 2021",111.1728515625,"20211201"
"200","December 2021",111.1728515625,"20211201"
"201","January 2022",110.9296875,"20220101"
"202","January 2022",110.9296875,"20220101"
"203","January 2022",110.9296875,"20220101"
"204","January 2022",109.79296875,"20220101"
"205","January 2022",109.79296875,"20220101"
"206","January 2022",109.79296875,"20220101"
"207","January 2022",109.79296875,"20220101"
"208","January 2022",109.79296875,"20220101"
"209","January 2022",108.7548828125,"20220101"
"210","January 2022",104.759765625,"20220101"
"211","January 2022",117.3583984375,"20220101"
"212","January 2022",117.3583984375,"20220101"
"213","January 2022",117.3583984375,"20220101"
"214","January 2022",117.3583984375,"20220101"
"215","January 2022",122.3359375,"20220101"
"216","January 2022",122.3359375,"20220101"
"217","January 2022",122.3359375,"20220101"
"218","January 2022",122.3359375,"20220101"
"219","January 2022",122.3359375,"20220101"
"220","January 2022",119.05078125,"20220101"
"221","January 2022",141.263671875,"20220101"
"222","January 2022",141.263671875,"20220101"
"223","January 2022",147.46484375,"20220101"
"224","January 2022",147.46484375,"20220101"
"225","January 2022",147.46484375,"20220101"
"226","January 2022",147.46484375,"20220101"
"227","January 2022",147.380859375,"20220101"
"228","January 2022",156.42578125,"20220101"
"229","January 2022",156.42578125,"20220101"
"230","January 2022",156.42578125,"20220101"
"231","January 2022",101.9697265625,"20220101"
"232","January 2022",101.9697265625,"20220101"
"233","January 2022",101.9697265625,"20220101"
"234","January 2022",101.9697265625,"20220101"
"235","January 2022",101.9697265625,"20220101"
"236","January 2022",101.9697265625,"20220101"
"237","January 2022",102.4775390625,"20220101"
"238","January 2022",102.4775390625,"20220101"
"239","January 2022",102.4775390625,"20220101"
"240","January 2022",102.4775390625,"20220101"
"241","January 2022",114.859375,"20220101"
"242","January 2022",114.859375,"20220101"
"243","January 2022",114.859375,"20220101"
"244","January 2022",121.25390625,"20220101"
"245","January 2022",121.25390625,"20220101"
"246","January 2022",121.25390625,"20220101"
"247","January 2022",121.25390625,"20220101"
"248","January 2022",121.25390625,"20220101"
"249","January 2022",128.056640625,"20220101"
"250","January 2022",128.056640625,"20220101"
"251","January 2022",172.4609375,"20220101"
"252","January 2022",180.9970703125,"20220101"
"253","January 2022",180.9970703125,"20220101"
"254","January 2022",183.5966796875,"20220101"
"255","January 2022",183.5966796875,"20220101"
"256","January 2022",183.5966796875,"20220101"
"257","January 2022",183.5966796875,"20220101"
"258","January 2022",183.5966796875,"20220101"
"259","January 2022",183.5966796875,"20220101"
"260","January 2022",183.5966796875,"20220101"
"261","January 2022",174.005859375,"20220101"
"262","January 2022",172.10546875,"20220101"
"263","January 2022",172.10546875,"20220101"
"264","January 2022",176.7666015625,"20220101"
"265","January 2022",176.7666015625,"20220101"
"266","January 2022",176.7666015625,"20220101"
"267","January 2022",176.7666015625,"20220101"
"268","January 2022",176.7666015625,"20220101"
"269","January 2022",176.7666015625,"20220101"
"270","January 2022",162.7998046875,"20220101"
"271","January 2022",96.724609375,"20220101"
"272","January 2022",96.724609375,"20220101"
"273","January 2022",94.953125,"20220101"
"274","January 2022",94.953125,"20220101"
"275","January 2022",94.953125,"20220101"
"276","January 2022",100.1904296875,"20220101"
"277","January 2022",100.1904296875,"20220101"
"278","January 2022",100.1904296875,"20220101"
"279","January 2022",100.1904296875,"20220101"
"280","January 2022",100.1904296875,"20220101"
"281","January 2022",122.53515625,"20220101"
"282","January 2022",122.53515625,"20220101"
"283","January 2022",122.53515625,"20220101"
"284","January 2022",122.53515625,"20220101"
"285","January 2022",122.53515625,"20220101"
"286","January 2022",122.53515625,"20220101"
"287","January 2022",126.638671875,"20220101"
"288","January 2022",121.6015625,"20220101"
"289","January 2022",121.6015625,"20220101"
"290","January 2022",121.6015625,"20220101"
"291","January 2022",94.078125,"20220101"
"292","January 2022",94.078125,"20220101"
"293","January 2022",94.078125,"20220101"
"294","January 2022",90.7265625,"20220101"
"295","January 2022",94.078125,"20220101"
"296","January 2022",90.7265625,"20220101"
"297","January 2022",93.8623046875,"20220101"
"298","January 2022",93.8623046875,"20220101"
"299","January 2022",93.8623046875,"20220101"
"300","January 2022",93.8623046875,"20220101"
"301","February 2022",83.90625,"20220201"
"302","February 2022",83.90625,"20220201"
"303","February 2022",83.90625,"20220201"
"304","February 2022",83.55078125,"20220201"
"305","February 2022",83.55078125,"20220201"
"306","February 2022",83.55078125,"20220201"
"307","February 2022",83.55078125,"20220201"
"308","February 2022",83.55078125,"20220201"
"309","February 2022",83.34375,"20220201"
"310","February 2022",78.2158203125,"20220201"
"311","February 2022",91.2294921875,"20220201"
"312","February 2022",91.2294921875,"20220201"
"313","February 2022",91.2294921875,"20220201"
"314","February 2022",91.2294921875,"20220201"
"315","February 2022",97.1875,"20220201"
"316","February 2022",97.1875,"20220201"
"317","February 2022",97.1875,"20220201"
"318","February 2022",97.1875,"20220201"
"319","February 2022",97.1875,"20220201"
"320","February 2022",94.16015625,"20220201"
"321","February 2022",116.951171875,"20220201"
"322","February 2022",116.951171875,"20220201"
"323","February 2022",123.3369140625,"20220201"
"324","February 2022",123.3369140625,"20220201"
"325","February 2022",123.3369140625,"20220201"
"326","February 2022",123.3369140625,"20220201"
"327","February 2022",126.16796875,"20220201"
"328","February 2022",132.6962890625,"20220201"
"329","February 2022",132.6962890625,"20220201"
"330","February 2022",132.6962890625,"20220201"
"331","February 2022",82.94140625,"20220201"
"332","February 2022",82.94140625,"20220201"
"333","February 2022",82.94140625,"20220201"
"334","February 2022",82.94140625,"20220201"
"335","February 2022",82.94140625,"20220201"
"336","February 2022",82.94140625,"20220201"
"337","February 2022",83.9814453125,"20220201"
"338","February 2022",83.9814453125,"20220201"
"339","February 2022",83.9814453125,"20220201"
"340","February 2022",83.9814453125,"20220201"
"341","February 2022",73.318359375,"20220201"
"342","February 2022",73.318359375,"20220201"
"343","February 2022",73.318359375,"20220201"
"344","February 2022",80.978515625,"20220201"
"345","February 2022",80.978515625,"20220201"
"346","February 2022",80.978515625,"20220201"
"347","February 2022",80.978515625,"20220201"
"348","February 2022",80.978515625,"20220201"
"349","February 2022",81.4326171875,"20220201"
"350","February 2022",81.4326171875,"20220201"
"351","February 2022",86.916015625,"20220201"
"352","February 2022",83.9453125,"20220201"
"353","February 2022",83.9453125,"20220201"
"354","February 2022",79.22265625,"20220201"
"355","February 2022",79.22265625,"20220201"
"356","February 2022",79.22265625,"20220201"
"357","February 2022",79.22265625,"20220201"
"358","February 2022",79.22265625,"20220201"
"359","February 2022",79.22265625,"20220201"
"360","February 2022",79.22265625,"20220201"
"361","February 2022",107.8857421875,"20220201"
"362","February 2022",117.609375,"20220201"
"363","February 2022",117.609375,"20220201"
"364","February 2022",114.193359375,"20220201"
"365","February 2022",114.193359375,"20220201"
"366","February 2022",114.193359375,"20220201"
"367","February 2022",114.193359375,"20220201"
"368","February 2022",114.193359375,"20220201"
"369","February 2022",114.193359375,"20220201"
"370","February 2022",113.9150390625,"20220201"
"371","February 2022",62.8828125,"20220201"
"372","February 2022",62.8828125,"20220201"
"373","February 2022",58.5224609375,"20220201"
"374","February 2022",58.5224609375,"20220201"
"375","February 2022",58.5224609375,"20220201"
"376","February 2022",61.8623046875,"20220201"
"377","February 2022",61.8623046875,"20220201"
"378","February 2022",61.8623046875,"20220201"
"379","February 2022",61.8623046875,"20220201"
"380","February 2022",61.8623046875,"20220201"
"381","February 2022",51.7041015625,"20220201"
"382","February 2022",51.7041015625,"20220201"
"383","February 2022",51.7041015625,"20220201"
"384","February 2022",51.7041015625,"20220201"
"385","February 2022",51.7041015625,"20220201"
"386","February 2022",51.7041015625,"20220201"
"387","February 2022",51.9345703125,"20220201"
"388","February 2022",49.85546875,"20220201"
"389","February 2022",49.85546875,"20220201"
"390","February 2022",49.85546875,"20220201"
"391","February 2022",41.2861328125,"20220201"
"392","February 2022",41.2861328125,"20220201"
"393","February 2022",41.2861328125,"20220201"
"394","February 2022",39.4560546875,"20220201"
"395","February 2022",41.2861328125,"20220201"
"396","February 2022",39.4560546875,"20220201"
"397","February 2022",38.734375,"20220201"
"398","February 2022",38.734375,"20220201"
"399","February 2022",38.734375,"20220201"
"400","February 2022",38.734375,"20220201"
"401","March 2022",162.591796875,"20220301"
"402","March 2022",162.591796875,"20220301"
"403","March 2022",162.591796875,"20220301"
"404","March 2022",158.0380859375,"20220301"
"405","March 2022",158.0380859375,"20220301"
"406","March 2022",158.0380859375,"20220301"
"407","March 2022",158.0380859375,"20220301"
"408","March 2022",158.0380859375,"20220301"
"409","March 2022",153.9521484375,"20220301"
"410","March 2022",147.90625,"20220301"
"411","March 2022",179.8349609375,"20220301"
"412","March 2022",179.8349609375,"20220301"
"413","March 2022",179.8349609375,"20220301"
"414","March 2022",179.8349609375,"20220301"
"415","March 2022",187.861328125,"20220301"
"416","March 2022",187.861328125,"20220301"
"417","March 2022",187.861328125,"20220301"
"418","March 2022",187.861328125,"20220301"
"419","March 2022",187.861328125,"20220301"
"420","March 2022",184.0673828125,"20220301"
"421","March 2022",192.384765625,"20220301"
"422","March 2022",192.384765625,"20220301"
"423","March 2022",197.744140625,"20220301"
"424","March 2022",197.744140625,"20220301"
"425","March 2022",197.744140625,"20220301"
"426","March 2022",197.744140625,"20220301"
"427","March 2022",192.2109375,"20220301"
"428","March 2022",194.537109375,"20220301"
"429","March 2022",194.537109375,"20220301"
"430","March 2022",194.537109375,"20220301"
"431","March 2022",148.712890625,"20220301"
"432","March 2022",148.712890625,"20220301"
"433","March 2022",148.712890625,"20220301"
"434","March 2022",148.712890625,"20220301"
"435","March 2022",148.712890625,"20220301"
"436","March 2022",148.712890625,"20220301"
"437","March 2022",148.373046875,"20220301"
"438","March 2022",148.373046875,"20220301"
"439","March 2022",148.373046875,"20220301"
"440","March 2022",148.373046875,"20220301"
"441","March 2022",136.7529296875,"20220301"
"442","March 2022",136.7529296875,"20220301"
"443","March 2022",136.7529296875,"20220301"
"444","March 2022",137.7919921875,"20220301"
"445","March 2022",137.7919921875,"20220301"
"446","March 2022",137.7919921875,"20220301"
"447","March 2022",137.7919921875,"20220301"
"448","March 2022",137.7919921875,"20220301"
"449","March 2022",135.701171875,"20220301"
"450","March 2022",135.701171875,"20220301"
"451","March 2022",118.1162109375,"20220301"
"452","March 2022",129.3876953125,"20220301"
"453","March 2022",129.3876953125,"20220301"
"454","March 2022",117.3515625,"20220301"
"455","March 2022",117.3515625,"20220301"
"456","March 2022",117.3515625,"20220301"
"457","March 2022",117.3515625,"20220301"
"458","March 2022",117.3515625,"20220301"
"459","March 2022",117.3515625,"20220301"
"460","March 2022",117.3515625,"20220301"
"461","March 2022",135.283203125,"20220301"
"462","March 2022",150.6845703125,"20220301"
"463","March 2022",150.6845703125,"20220301"
"464","March 2022",159.474609375,"20220301"
"465","March 2022",159.474609375,"20220301"
"466","March 2022",159.474609375,"20220301"
"467","March 2022",159.474609375,"20220301"
"468","March 2022",159.474609375,"20220301"
"469","March 2022",159.474609375,"20220301"
"470","March 2022",158.484375,"20220301"
"471","March 2022",138.439453125,"20220301"
"472","March 2022",138.439453125,"20220301"
"473","March 2022",134.1298828125,"20220301"
"474","March 2022",134.1298828125,"20220301"
"475","March 2022",134.1298828125,"20220301"
"476","March 2022",134.5712890625,"20220301"
"477","March 2022",134.5712890625,"20220301"
"478","March 2022",134.5712890625,"20220301"
"479","March 2022",134.5712890625,"20220301"
"480","March 2022",134.5712890625,"20220301"
"481","March 2022",128.3291015625,"20220301"
"482","March 2022",128.3291015625,"20220301"
"483","March 2022",128.3291015625,"20220301"
"484","March 2022",128.3291015625,"20220301"
"485","March 2022",128.3291015625,"20220301"
"486","March 2022",128.3291015625,"20220301"
"487","March 2022",129.6064453125,"20220301"
"488","March 2022",135.5068359375,"20220301"
"489","March 2022",135.5068359375,"20220301"
"490","March 2022",135.5068359375,"20220301"
"491","March 2022",125.29296875,"20220301"
"492","March 2022",125.29296875,"20220301"
"493","March 2022",125.29296875,"20220301"
"494","March 2022",121.181640625,"20220301"
"495","March 2022",125.29296875,"20220301"
"496","March 2022",121.181640625,"20220301"
"497","March 2022",122.833984375,"20220301"
"498","March 2022",122.833984375,"20220301"
"499","March 2022",122.833984375,"20220301"
"500","March 2022",122.833984375,"20220301"
"501","April 2022",221.87109375,"20220401"
"502","April 2022",221.87109375,"20220401"
"503","April 2022",221.87109375,"20220401"
"504","April 2022",220.2783203125,"20220401"
"505","April 2022",220.2783203125,"20220401"
"506","April 2022",220.2783203125,"20220401"
"507","April 2022",220.2783203125,"20220401"
"508","April 2022",220.2783203125,"20220401"
"509","April 2022",217.5224609375,"20220401"
"510","April 2022",217.9931640625,"20220401"
"511","April 2022",215.453125,"20220401"
"512","April 2022",215.453125,"20220401"
"513","April 2022",215.453125,"20220401"
"514","April 2022",215.453125,"20220401"
"515","April 2022",212.8447265625,"20220401"
"516","April 2022",212.8447265625,"20220401"
"517","April 2022",212.8447265625,"20220401"
"518","April 2022",212.8447265625,"20220401"
"519","April 2022",212.8447265625,"20220401"
"520","April 2022",209.5205078125,"20220401"
"521","April 2022",205.4794921875,"20220401"
"522","April 2022",205.4794921875,"20220401"
"523","April 2022",208.0185546875,"20220401"
"524","April 2022",208.0185546875,"20220401"
"525","April 2022",208.0185546875,"20220401"
"526","April 2022",208.0185546875,"20220401"
"527","April 2022",207.4296875,"20220401"
"528","April 2022",199.75,"20220401"
"529","April 2022",199.75,"20220401"
"530","April 2022",199.75,"20220401"
"531","April 2022",210.1240234375,"20220401"
"532","April 2022",210.1240234375,"20220401"
"533","April 2022",210.1240234375,"20220401"
"534","April 2022",210.1240234375,"20220401"
"535","April 2022",210.1240234375,"20220401"
"536","April 2022",210.1240234375,"20220401"
"537","April 2022",211.18359375,"20220401"
"538","April 2022",211.18359375,"20220401"
"539","April 2022",211.18359375,"20220401"
"540","April 2022",211.18359375,"20220401"
"541","April 2022",176.1083984375,"20220401"
"542","April 2022",176.1083984375,"20220401"
"543","April 2022",176.1083984375,"20220401"
"544","April 2022",168.1171875,"20220401"
"545","April 2022",168.1171875,"20220401"
"546","April 2022",168.1171875,"20220401"
"547","April 2022",168.1171875,"20220401"
"548","April 2022",168.1171875,"20220401"
"549","April 2022",156.271484375,"20220401"
"550","April 2022",156.271484375,"20220401"
"551","April 2022",109.0771484375,"20220401"
"552","April 2022",118.783203125,"20220401"
"553","April 2022",118.783203125,"20220401"
"554","April 2022",105.306640625,"20220401"
"555","April 2022",105.306640625,"20220401"
"556","April 2022",105.306640625,"20220401"
"557","April 2022",105.306640625,"20220401"
"558","April 2022",105.306640625,"20220401"
"559","April 2022",105.306640625,"20220401"
"560","April 2022",105.306640625,"20220401"
"561","April 2022",130.6396484375,"20220401"
"562","April 2022",147.69140625,"20220401"
"563","April 2022",147.69140625,"20220401"
"564","April 2022",153.7236328125,"20220401"
"565","April 2022",153.7236328125,"20220401"
"566","April 2022",153.7236328125,"20220401"
"567","April 2022",153.7236328125,"20220401"
"568","April 2022",153.7236328125,"20220401"
"569","April 2022",153.7236328125,"20220401"
"570","April 2022",158.6357421875,"20220401"
"571","April 2022",199.3427734375,"20220401"
"572","April 2022",199.3427734375,"20220401"
"573","April 2022",195.9423828125,"20220401"
"574","April 2022",195.9423828125,"20220401"
"575","April 2022",195.9423828125,"20220401"
"576","April 2022",188.8759765625,"20220401"
"577","April 2022",188.8759765625,"20220401"
"578","April 2022",188.8759765625,"20220401"
"579","April 2022",188.8759765625,"20220401"
"580","April 2022",188.8759765625,"20220401"
"581","April 2022",149.0751953125,"20220401"
"582","April 2022",149.0751953125,"20220401"
"583","April 2022",149.0751953125,"20220401"
"584","April 2022",149.0751953125,"20220401"
"585","April 2022",149.0751953125,"20220401"
"586","April 2022",149.0751953125,"20220401"
"587","April 2022",143.5380859375,"20220401"
"588","April 2022",151.744140625,"20220401"
"589","April 2022",151.744140625,"20220401"
"590","April 2022",151.744140625,"20220401"
"591","April 2022",187.7880859375,"20220401"
"592","April 2022",187.7880859375,"20220401"
"593","April 2022",187.7880859375,"20220401"
"594","April 2022",190.1005859375,"20220401"
"595","April 2022",187.7880859375,"20220401"
"596","April 2022",190.1005859375,"20220401"
"597","April 2022",185.0087890625,"20220401"
"598","April 2022",185.0087890625,"20220401"
"599","April 2022",185.0087890625,"20220401"
"600","April 2022",185.0087890625,"20220401"
"601","May 2022",51.232421875,"20220501"
"602","May 2022",51.232421875,"20220501"
"603","May 2022",51.232421875,"20220501"
"604","May 2022",51.75390625,"20220501"
"605","May 2022",51.75390625,"20220501"
"606","May 2022",51.75390625,"20220501"
"607","May 2022",51.75390625,"20220501"
"608","May 2022",51.75390625,"20220501"
"609","May 2022",51.84765625,"20220501"
"610","May 2022",53.1875,"20220501"
"611","May 2022",46.7109375,"20220501"
"612","May 2022",46.7109375,"20220501"
"613","May 2022",46.7109375,"20220501"
"614","May 2022",46.7109375,"20220501"
"615","May 2022",45.10546875,"20220501"
"616","May 2022",45.10546875,"20220501"
"617","May 2022",45.10546875,"20220501"
"618","May 2022",45.10546875,"20220501"
"619","May 2022",45.10546875,"20220501"
"620","May 2022",43.658203125,"20220501"
"621","May 2022",42.7578125,"20220501"
"622","May 2022",42.7578125,"20220501"
"623","May 2022",44.7529296875,"20220501"
"624","May 2022",44.7529296875,"20220501"
"625","May 2022",44.7529296875,"20220501"
"626","May 2022",44.7529296875,"20220501"
"627","May 2022",45.64453125,"20220501"
"628","May 2022",45.8798828125,"20220501"
"629","May 2022",45.8798828125,"20220501"
"630","May 2022",45.8798828125,"20220501"
"631","May 2022",55.2548828125,"20220501"
"632","May 2022",55.2548828125,"20220501"
"633","May 2022",55.2548828125,"20220501"
"634","May 2022",55.2548828125,"20220501"
"635","May 2022",55.2548828125,"20220501"
"636","May 2022",55.2548828125,"20220501"
"637","May 2022",54.5087890625,"20220501"
"638","May 2022",54.5087890625,"20220501"
"639","May 2022",54.5087890625,"20220501"
"640","May 2022",54.5087890625,"20220501"
"641","May 2022",52.4189453125,"20220501"
"642","May 2022",52.4189453125,"20220501"
"643","May 2022",52.4189453125,"20220501"
"644","May 2022",53.345703125,"20220501"
"645","May 2022",53.345703125,"20220501"
"646","May 2022",53.345703125,"20220501"
"647","May 2022",53.345703125,"20220501"
"648","May 2022",53.345703125,"20220501"
"649","May 2022",52.6806640625,"20220501"
"650","May 2022",52.6806640625,"20220501"
"651","May 2022",55.1220703125,"20220501"
"652","May 2022",61.55078125,"20220501"
"653","May 2022",61.55078125,"20220501"
"654","May 2022",57.2412109375,"20220501"
"655","May 2022",57.2412109375,"20220501"
"656","May 2022",57.2412109375,"20220501"
"657","May 2022",57.2412109375,"20220501"
"658","May 2022",57.2412109375,"20220501"
"659","May 2022",57.2412109375,"20220501"
"660","May 2022",57.2412109375,"20220501"
"661","May 2022",60.353515625,"20220501"
"662","May 2022",63.74609375,"20220501"
"663","May 2022",63.74609375,"20220501"
"664","May 2022",69.787109375,"20220501"
"665","May 2022",69.787109375,"20220501"
"666","May 2022",69.787109375,"20220501"
"667","May 2022",69.787109375,"20220501"
"668","May 2022",69.787109375,"20220501"
"669","May 2022",69.787109375,"20220501"
"670","May 2022",65.2880859375,"20220501"
"671","May 2022",54.171875,"20220501"
"672","May 2022",54.171875,"20220501"
"673","May 2022",51.6298828125,"20220501"
"674","May 2022",51.6298828125,"20220501"
"675","May 2022",51.6298828125,"20220501"
"676","May 2022",51.1044921875,"20220501"
"677","May 2022",51.1044921875,"20220501"
"678","May 2022",51.1044921875,"20220501"
"679","May 2022",51.1044921875,"20220501"
"680","May 2022",51.1044921875,"20220501"
"681","May 2022",38.078125,"20220501"
"682","May 2022",38.078125,"20220501"
"683","May 2022",38.078125,"20220501"
"684","May 2022",38.078125,"20220501"
"685","May 2022",38.078125,"20220501"
"686","May 2022",38.078125,"20220501"
"687","May 2022",37.01171875,"20220501"
"688","May 2022",37.279296875,"20220501"
"689","May 2022",37.279296875,"20220501"
"690","May 2022",37.279296875,"20220501"
"691","May 2022",39.4423828125,"20220501"
"692","May 2022",39.4423828125,"20220501"
"693","May 2022",39.4423828125,"20220501"
"694","May 2022",38.8310546875,"20220501"
"695","May 2022",39.4423828125,"20220501"
"696","May 2022",38.8310546875,"20220501"
"697","May 2022",37.181640625,"20220501"
"698","May 2022",37.181640625,"20220501"
"699","May 2022",37.181640625,"20220501"
"700","May 2022",37.181640625,"20220501"
"701","June 2022",61.6875,"20220601"
"702","June 2022",61.6875,"20220601"
"703","June 2022",61.6875,"20220601"
"704","June 2022",60.5380859375,"20220601"
"705","June 2022",60.5380859375,"20220601"
"706","June 2022",60.5380859375,"20220601"
"707","June 2022",60.5380859375,"20220601"
"708","June 2022",60.5380859375,"20220601"
"709","June 2022",59.4248046875,"20220601"
"710","June 2022",60.244140625,"20220601"
"711","June 2022",60.65234375,"20220601"
"712","June 2022",60.65234375,"20220601"
"713","June 2022",60.65234375,"20220601"
"714","June 2022",60.65234375,"20220601"
"715","June 2022",58.3896484375,"20220601"
"716","June 2022",58.3896484375,"20220601"
"717","June 2022",58.3896484375,"20220601"
"718","June 2022",58.3896484375,"20220601"
"719","June 2022",58.3896484375,"20220601"
"720","June 2022",58.7333984375,"20220601"
"721","June 2022",45.568359375,"20220601"
"722","June 2022",45.568359375,"20220601"
"723","June 2022",46.1748046875,"20220601"
"724","June 2022",46.1748046875,"20220601"
"725","June 2022",46.1748046875,"20220601"
"726","June 2022",46.1748046875,"20220601"
"727","June 2022",45.298828125,"20220601"
"728","June 2022",41.912109375,"20220601"
"729","June 2022",41.912109375,"20220601"
"730","June 2022",41.912109375,"20220601"
"731","June 2022",59.68359375,"20220601"
"732","June 2022",59.68359375,"20220601"
"733","June 2022",59.68359375,"20220601"
"734","June 2022",59.68359375,"20220601"
"735","June 2022",59.68359375,"20220601"
"736","June 2022",59.68359375,"20220601"
"737","June 2022",59.458984375,"20220601"
"738","June 2022",59.458984375,"20220601"
"739","June 2022",59.458984375,"20220601"
"740","June 2022",59.458984375,"20220601"
"741","June 2022",54.26953125,"20220601"
"742","June 2022",54.26953125,"20220601"
"743","June 2022",54.26953125,"20220601"
"744","June 2022",56.3134765625,"20220601"
"745","June 2022",56.3134765625,"20220601"
"746","June 2022",56.3134765625,"20220601"
"747","June 2022",56.3134765625,"20220601"
"748","June 2022",56.3134765625,"20220601"
"749","June 2022",56.7314453125,"20220601"
"750","June 2022",56.7314453125,"20220601"
"751","June 2022",47.1005859375,"20220601"
"752","June 2022",56.576171875,"20220601"
"753","June 2022",56.576171875,"20220601"
"754","June 2022",49.4462890625,"20220601"
"755","June 2022",49.4462890625,"20220601"
"756","June 2022",49.4462890625,"20220601"
"757","June 2022",49.4462890625,"20220601"
"758","June 2022",49.4462890625,"20220601"
"759","June 2022",49.4462890625,"20220601"
"760","June 2022",49.4462890625,"20220601"
"761","June 2022",52.3037109375,"20220601"
"762","June 2022",56.9921875,"20220601"
"763","June 2022",56.9921875,"20220601"
"764","June 2022",64.2978515625,"20220601"
"765","June 2022",64.2978515625,"20220601"
"766","June 2022",64.2978515625,"20220601"
"767","June 2022",64.2978515625,"20220601"
"768","June 2022",64.2978515625,"20220601"
"769","June 2022",64.2978515625,"20220601"
"770","June 2022",62.068359375,"20220601"
"771","June 2022",51.0068359375,"20220601"
"772","June 2022",51.0068359375,"20220601"
"773","June 2022",47.6025390625,"20220601"
"774","June 2022",47.6025390625,"20220601"
"775","June 2022",47.6025390625,"20220601"
"776","June 2022",48.009765625,"20220601"
"777","June 2022",48.009765625,"20220601"
"778","June 2022",48.009765625,"20220601"
"779","June 2022",48.009765625,"20220601"
"780","June 2022",48.009765625,"20220601"
"781","June 2022",43.6708984375,"20220601"
"782","June 2022",43.6708984375,"20220601"
"783","June 2022",43.6708984375,"20220601"
"784","June 2022",43.6708984375,"20220601"
"785","June 2022",43.6708984375,"20220601"
"786","June 2022",43.6708984375,"20220601"
"787","June 2022",44.12890625,"20220601"
"788","June 2022",43.076171875,"20220601"
"789","June 2022",43.076171875,"20220601"
"790","June 2022",43.076171875,"20220601"
"791","June 2022",39.7509765625,"20220601"
"792","June 2022",39.7509765625,"20220601"
"793","June 2022",39.7509765625,"20220601"
"794","June 2022",39.7529296875,"20220601"
"795","June 2022",39.7509765625,"20220601"
"796","June 2022",39.7529296875,"20220601"
"797","June 2022",39.650390625,"20220601"
"798","June 2022",39.650390625,"20220601"
"799","June 2022",39.650390625,"20220601"
"800","June 2022",39.650390625,"20220601"
"801","July 2022",82.3076171875,"20220701"
"802","July 2022",82.3076171875,"20220701"
"803","July 2022",82.3076171875,"20220701"
"804","July 2022",80.611328125,"20220701"
"805","July 2022",80.611328125,"20220701"
"806","July 2022",80.611328125,"20220701"
"807","July 2022",80.611328125,"20220701"
"808","July 2022",80.611328125,"20220701"
"809","July 2022",78.5556640625,"20220701"
"810","July 2022",78.7861328125,"20220701"
"811","July 2022",82.4755859375,"20220701"
"812","July 2022",82.4755859375,"20220701"
"813","July 2022",82.4755859375,"20220701"
"814","July 2022",82.4755859375,"20220701"
"815","July 2022",79.87109375,"20220701"
"816","July 2022",79.87109375,"20220701"
"817","July 2022",79.87109375,"20220701"
"818","July 2022",79.87109375,"20220701"
"819","July 2022",79.87109375,"20220701"
"820","July 2022",80.712890625,"20220701"
"821","July 2022",67.6865234375,"20220701"
"822","July 2022",67.6865234375,"20220701"
"823","July 2022",69.7939453125,"20220701"
"824","July 2022",69.7939453125,"20220701"
"825","July 2022",69.7939453125,"20220701"
"826","July 2022",69.7939453125,"20220701"
"827","July 2022",69.9599609375,"20220701"
"828","July 2022",67.1572265625,"20220701"
"829","July 2022",67.1572265625,"20220701"
"830","July 2022",67.1572265625,"20220701"
"831","July 2022",70.7802734375,"20220701"
"832","July 2022",70.7802734375,"20220701"
"833","July 2022",70.7802734375,"20220701"
"834","July 2022",70.7802734375,"20220701"
"835","July 2022",70.7802734375,"20220701"
"836","July 2022",70.7802734375,"20220701"
"837","July 2022",71.611328125,"20220701"
"838","July 2022",71.611328125,"20220701"
"839","July 2022",71.611328125,"20220701"
"840","July 2022",71.611328125,"20220701"
"841","July 2022",64.0068359375,"20220701"
"842","July 2022",64.0068359375,"20220701"
"843","July 2022",64.0068359375,"20220701"
"844","July 2022",65.490234375,"20220701"
"845","July 2022",65.490234375,"20220701"
"846","July 2022",65.490234375,"20220701"
"847","July 2022",65.490234375,"20220701"
"848","July 2022",65.490234375,"20220701"
"849","July 2022",64.474609375,"20220701"
"850","July 2022",64.474609375,"20220701"
"851","July 2022",54.5849609375,"20220701"
"852","July 2022",59.349609375,"20220701"
"853","July 2022",59.349609375,"20220701"
"854","July 2022",52.228515625,"20220701"
"855","July 2022",52.228515625,"20220701"
"856","July 2022",52.228515625,"20220701"
"857","July 2022",52.228515625,"20220701"
"858","July 2022",52.228515625,"20220701"
"859","July 2022",52.228515625,"20220701"
"860","July 2022",52.228515625,"20220701"
"861","July 2022",62.0322265625,"20220701"
"862","July 2022",69.1630859375,"20220701"
"863","July 2022",69.1630859375,"20220701"
"864","July 2022",71.7724609375,"20220701"
"865","July 2022",71.7724609375,"20220701"
"866","July 2022",71.7724609375,"20220701"
"867","July 2022",71.7724609375,"20220701"
"868","July 2022",71.7724609375,"20220701"
"869","July 2022",71.7724609375,"20220701"
"870","July 2022",73.2431640625,"20220701"
"871","July 2022",62.373046875,"20220701"
"872","July 2022",62.373046875,"20220701"
"873","July 2022",58.9111328125,"20220701"
"874","July 2022",58.9111328125,"20220701"
"875","July 2022",58.9111328125,"20220701"
"876","July 2022",59.1318359375,"20220701"
"877","July 2022",59.1318359375,"20220701"
"878","July 2022",59.1318359375,"20220701"
"879","July 2022",59.1318359375,"20220701"
"880","July 2022",59.1318359375,"20220701"
"881","July 2022",45.2119140625,"20220701"
"882","July 2022",45.2119140625,"20220701"
"883","July 2022",45.2119140625,"20220701"
"884","July 2022",45.2119140625,"20220701"
"885","July 2022",45.2119140625,"20220701"
"886","July 2022",45.2119140625,"20220701"
"887","July 2022",43.94140625,"20220701"
"888","July 2022",43.904296875,"20220701"
"889","July 2022",43.904296875,"20220701"
"890","July 2022",43.904296875,"20220701"
"891","July 2022",46.6142578125,"20220701"
"892","July 2022",46.6142578125,"20220701"
"893","July 2022",46.6142578125,"20220701"
"894","July 2022",46.88671875,"20220701"
"895","July 2022",46.6142578125,"20220701"
"896","July 2022",46.88671875,"20220701"
"897","July 2022",45.2939453125,"20220701"
"898","July 2022",45.2939453125,"20220701"
"899","July 2022",45.2939453125,"20220701"
"900","July 2022",45.2939453125,"20220701"
"901","August 2022",74.0830078125,"20220801"
"902","August 2022",74.0830078125,"20220801"
"903","August 2022",74.0830078125,"20220801"
"904","August 2022",74.115234375,"20220801"
"905","August 2022",74.115234375,"20220801"
"906","August 2022",74.115234375,"20220801"
"907","August 2022",74.115234375,"20220801"
"908","August 2022",74.115234375,"20220801"
"909","August 2022",73.8310546875,"20220801"
"910","August 2022",77.6318359375,"20220801"
"911","August 2022",65.533203125,"20220801"
"912","August 2022",65.533203125,"20220801"
"913","August 2022",65.533203125,"20220801"
"914","August 2022",65.533203125,"20220801"
"915","August 2022",61.4033203125,"20220801"
"916","August 2022",61.4033203125,"20220801"
"917","August 2022",61.4033203125,"20220801"
"918","August 2022",61.4033203125,"20220801"
"919","August 2022",61.4033203125,"20220801"
"920","August 2022",60.77734375,"20220801"
"921","August 2022",48.3896484375,"20220801"
"922","August 2022",48.3896484375,"20220801"
"923","August 2022",50.62109375,"20220801"
"924","August 2022",50.62109375,"20220801"
"925","August 2022",50.62109375,"20220801"
"926","August 2022",50.62109375,"20220801"
"927","August 2022",51.33984375,"20220801"
"928","August 2022",48.9609375,"20220801"
"929","August 2022",48.9609375,"20220801"
"930","August 2022",48.9609375,"20220801"
"931","August 2022",89.2021484375,"20220801"
"932","August 2022",89.2021484375,"20220801"
"933","August 2022",89.2021484375,"20220801"
"934","August 2022",89.2021484375,"20220801"
"935","August 2022",89.2021484375,"20220801"
"936","August 2022",89.2021484375,"20220801"
"937","August 2022",84.826171875,"20220801"
"938","August 2022",84.826171875,"20220801"
"939","August 2022",84.826171875,"20220801"
"940","August 2022",84.826171875,"20220801"
"941","August 2022",99.71875,"20220801"
"942","August 2022",99.71875,"20220801"
"943","August 2022",99.71875,"20220801"
"944","August 2022",94.9970703125,"20220801"
"945","August 2022",94.9970703125,"20220801"
"946","August 2022",94.9970703125,"20220801"
"947","August 2022",94.9970703125,"20220801"
"948","August 2022",94.9970703125,"20220801"
"949","August 2022",91.2333984375,"20220801"
"950","August 2022",91.2333984375,"20220801"
"951","August 2022",67.7734375,"20220801"
"952","August 2022",80.9208984375,"20220801"
"953","August 2022",80.9208984375,"20220801"
"954","August 2022",73.3388671875,"20220801"
"955","August 2022",73.3388671875,"20220801"
"956","August 2022",73.3388671875,"20220801"
"957","August 2022",73.3388671875,"20220801"
"958","August 2022",73.3388671875,"20220801"
"959","August 2022",73.3388671875,"20220801"
"960","August 2022",73.3388671875,"20220801"
"961","August 2022",72.962890625,"20220801"
"962","August 2022",79.4541015625,"20220801"
"963","August 2022",79.4541015625,"20220801"
"964","August 2022",91.6640625,"20220801"
"965","August 2022",91.6640625,"20220801"
"966","August 2022",91.6640625,"20220801"
"967","August 2022",91.6640625,"20220801"
"968","August 2022",91.6640625,"20220801"
"969","August 2022",91.6640625,"20220801"
"970","August 2022",89.4697265625,"20220801"
"971","August 2022",109.009765625,"20220801"
"972","August 2022",109.009765625,"20220801"
"973","August 2022",105.3642578125,"20220801"
"974","August 2022",105.3642578125,"20220801"
"975","August 2022",105.3642578125,"20220801"
"976","August 2022",102.2236328125,"20220801"
"977","August 2022",102.2236328125,"20220801"
"978","August 2022",102.2236328125,"20220801"
"979","August 2022",102.2236328125,"20220801"
"980","August 2022",102.2236328125,"20220801"
"981","August 2022",85.0751953125,"20220801"
"982","August 2022",85.0751953125,"20220801"
"983","August 2022",85.0751953125,"20220801"
"984","August 2022",85.0751953125,"20220801"
"985","August 2022",85.0751953125,"20220801"
"986","August 2022",85.0751953125,"20220801"
"987","August 2022",83.7978515625,"20220801"
"988","August 2022",86.1630859375,"20220801"
"989","August 2022",86.1630859375,"20220801"
"990","August 2022",86.1630859375,"20220801"
"991","August 2022",93.341796875,"20220801"
"992","August 2022",93.341796875,"20220801"
"993","August 2022",93.341796875,"20220801"
"994","August 2022",93.794921875,"20220801"
"995","August 2022",93.341796875,"20220801"
"996","August 2022",93.794921875,"20220801"
"997","August 2022",91.3603515625,"20220801"
"998","August 2022",91.3603515625,"20220801"
"999","August 2022",91.3603515625,"20220801"
"1000","August 2022",91.3603515625,"20220801"
"1001","September 2022",91.8505859375,"20220901"
"1002","September 2022",91.8505859375,"20220901"
"1003","September 2022",91.8505859375,"20220901"
"1004","September 2022",93.9912109375,"20220901"
"1005","September 2022",93.9912109375,"20220901"
"1006","September 2022",93.9912109375,"20220901"
"1007","September 2022",93.9912109375,"20220901"
"1008","September 2022",93.9912109375,"20220901"
"1009","September 2022",94.8701171875,"20220901"
"1010","September 2022",90.2666015625,"20220901"
"1011","September 2022",89.80078125,"20220901"
"1012","September 2022",89.80078125,"20220901"
"1013","September 2022",89.80078125,"20220901"
"1014","September 2022",89.80078125,"20220901"
"1015","September 2022",93.68359375,"20220901"
"1016","September 2022",93.68359375,"20220901"
"1017","September 2022",93.68359375,"20220901"
"1018","September 2022",93.68359375,"20220901"
"1019","September 2022",93.68359375,"20220901"
"1020","September 2022",87.6396484375,"20220901"
"1021","September 2022",112.7880859375,"20220901"
"1022","September 2022",112.7880859375,"20220901"
"1023","September 2022",119.240234375,"20220901"
"1024","September 2022",119.240234375,"20220901"
"1025","September 2022",119.240234375,"20220901"
"1026","September 2022",119.240234375,"20220901"
"1027","September 2022",124.1005859375,"20220901"
"1028","September 2022",125.5556640625,"20220901"
"1029","September 2022",125.5556640625,"20220901"
"1030","September 2022",125.5556640625,"20220901"
"1031","September 2022",108.5498046875,"20220901"
"1032","September 2022",108.5498046875,"20220901"
"1033","September 2022",108.5498046875,"20220901"
"1034","September 2022",108.5498046875,"20220901"
"1035","September 2022",108.5498046875,"20220901"
"1036","September 2022",108.5498046875,"20220901"
"1037","September 2022",106.3681640625,"20220901"
"1038","September 2022",106.3681640625,"20220901"
"1039","September 2022",106.3681640625,"20220901"
"1040","September 2022",106.3681640625,"20220901"
"1041","September 2022",121.5126953125,"20220901"
"1042","September 2022",121.5126953125,"20220901"
"1043","September 2022",121.5126953125,"20220901"
"1044","September 2022",125.69140625,"20220901"
"1045","September 2022",125.69140625,"20220901"
"1046","September 2022",125.69140625,"20220901"
"1047","September 2022",125.69140625,"20220901"
"1048","September 2022",125.69140625,"20220901"
"1049","September 2022",125.681640625,"20220901"
"1050","September 2022",125.681640625,"20220901"
"1051","September 2022",120.841796875,"20220901"
"1052","September 2022",135.875,"20220901"
"1053","September 2022",135.875,"20220901"
"1054","September 2022",124.2763671875,"20220901"
"1055","September 2022",124.2763671875,"20220901"
"1056","September 2022",124.2763671875,"20220901"
"1057","September 2022",124.2763671875,"20220901"
"1058","September 2022",124.2763671875,"20220901"
"1059","September 2022",124.2763671875,"20220901"
"1060","September 2022",124.2763671875,"20220901"
"1061","September 2022",138.8232421875,"20220901"
"1062","September 2022",151.8662109375,"20220901"
"1063","September 2022",151.8662109375,"20220901"
"1064","September 2022",161.8017578125,"20220901"
"1065","September 2022",161.8017578125,"20220901"
"1066","September 2022",161.8017578125,"20220901"
"1067","September 2022",161.8017578125,"20220901"
"1068","September 2022",161.8017578125,"20220901"
"1069","September 2022",161.8017578125,"20220901"
"1070","September 2022",156.5029296875,"20220901"
"1071","September 2022",110.888671875,"20220901"
"1072","September 2022",110.888671875,"20220901"
"1073","September 2022",106.53515625,"20220901"
"1074","September 2022",106.53515625,"20220901"
"1075","September 2022",106.53515625,"20220901"
"1076","September 2022",110.576171875,"20220901"
"1077","September 2022",110.576171875,"20220901"
"1078","September 2022",110.576171875,"20220901"
"1079","September 2022",110.576171875,"20220901"
"1080","September 2022",110.576171875,"20220901"
"1081","September 2022",94.1435546875,"20220901"
"1082","September 2022",94.1435546875,"20220901"
"1083","September 2022",94.1435546875,"20220901"
"1084","September 2022",94.1435546875,"20220901"
"1085","September 2022",94.1435546875,"20220901"
"1086","September 2022",94.1435546875,"20220901"
"1087","September 2022",91.689453125,"20220901"
"1088","September 2022",89.8896484375,"20220901"
"1089","September 2022",89.8896484375,"20220901"
"1090","September 2022",89.8896484375,"20220901"
"1091","September 2022",84.6123046875,"20220901"
"1092","September 2022",84.6123046875,"20220901"
"1093","September 2022",84.6123046875,"20220901"
"1094","September 2022",79.17578125,"20220901"
"1095","September 2022",84.6123046875,"20220901"
"1096","September 2022",79.17578125,"20220901"
"1097","September 2022",77.505859375,"20220901"
"1098","September 2022",77.505859375,"20220901"
"1099","September 2022",77.505859375,"20220901"
"1100","September 2022",77.505859375,"20220901"
"1101","October 2022",157.8154296875,"20221001"
"1102","October 2022",157.8154296875,"20221001"
"1103","October 2022",157.8154296875,"20221001"
"1104","October 2022",154.1669921875,"20221001"
"1105","October 2022",154.1669921875,"20221001"
"1106","October 2022",154.1669921875,"20221001"
"1107","October 2022",154.1669921875,"20221001"
"1108","October 2022",154.1669921875,"20221001"
"1109","October 2022",152.201171875,"20221001"
"1110","October 2022",149.2841796875,"20221001"
"1111","October 2022",165.6748046875,"20221001"
"1112","October 2022",165.6748046875,"20221001"
"1113","October 2022",165.6748046875,"20221001"
"1114","October 2022",165.6748046875,"20221001"
"1115","October 2022",169.7705078125,"20221001"
"1116","October 2022",169.7705078125,"20221001"
"1117","October 2022",169.7705078125,"20221001"
"1118","October 2022",169.7705078125,"20221001"
"1119","October 2022",169.7705078125,"20221001"
"1120","October 2022",166.140625,"20221001"
"1121","October 2022",180.916015625,"20221001"
"1122","October 2022",180.916015625,"20221001"
"1123","October 2022",183.7978515625,"20221001"
"1124","October 2022",183.7978515625,"20221001"
"1125","October 2022",183.7978515625,"20221001"
"1126","October 2022",183.7978515625,"20221001"
"1127","October 2022",182.3330078125,"20221001"
"1128","October 2022",187.6015625,"20221001"
"1129","October 2022",187.6015625,"20221001"
"1130","October 2022",187.6015625,"20221001"
"1131","October 2022",143.9970703125,"20221001"
"1132","October 2022",143.9970703125,"20221001"
"1133","October 2022",143.9970703125,"20221001"
"1134","October 2022",143.9970703125,"20221001"
"1135","October 2022",143.9970703125,"20221001"
"1136","October 2022",143.9970703125,"20221001"
"1137","October 2022",144.943359375,"20221001"
"1138","October 2022",144.943359375,"20221001"
"1139","October 2022",144.943359375,"20221001"
"1140","October 2022",144.943359375,"20221001"
"1141","October 2022",111.9365234375,"20221001"
"1142","October 2022",111.9365234375,"20221001"
"1143","October 2022",111.9365234375,"20221001"
"1144","October 2022",116.83203125,"20221001"
"1145","October 2022",116.83203125,"20221001"
"1146","October 2022",116.83203125,"20221001"
"1147","October 2022",116.83203125,"20221001"
"1148","October 2022",116.83203125,"20221001"
"1149","October 2022",114.6044921875,"20221001"
"1150","October 2022",114.6044921875,"20221001"
"1151","October 2022",161.646484375,"20221001"
"1152","October 2022",167.5146484375,"20221001"
"1153","October 2022",167.5146484375,"20221001"
"1154","October 2022",161.501953125,"20221001"
"1155","October 2022",161.501953125,"20221001"
"1156","October 2022",161.501953125,"20221001"
"1157","October 2022",161.501953125,"20221001"
"1158","October 2022",161.501953125,"20221001"
"1159","October 2022",161.501953125,"20221001"
"1160","October 2022",161.501953125,"20221001"
"1161","October 2022",181.4326171875,"20221001"
"1162","October 2022",186.4541015625,"20221001"
"1163","October 2022",186.4541015625,"20221001"
"1164","October 2022",186.5400390625,"20221001"
"1165","October 2022",186.5400390625,"20221001"
"1166","October 2022",186.5400390625,"20221001"
"1167","October 2022",186.5400390625,"20221001"
"1168","October 2022",186.5400390625,"20221001"
"1169","October 2022",186.5400390625,"20221001"
"1170","October 2022",173.5634765625,"20221001"
"1171","October 2022",116.90625,"20221001"
"1172","October 2022",116.90625,"20221001"
"1173","October 2022",110.37109375,"20221001"
"1174","October 2022",110.37109375,"20221001"
"1175","October 2022",110.37109375,"20221001"
"1176","October 2022",107.958984375,"20221001"
"1177","October 2022",107.958984375,"20221001"
"1178","October 2022",107.958984375,"20221001"
"1179","October 2022",107.958984375,"20221001"
"1180","October 2022",107.958984375,"20221001"
"1181","October 2022",100.734375,"20221001"
"1182","October 2022",100.734375,"20221001"
"1183","October 2022",100.734375,"20221001"
"1184","October 2022",100.734375,"20221001"
"1185","October 2022",100.734375,"20221001"
"1186","October 2022",100.734375,"20221001"
"1187","October 2022",103.865234375,"20221001"
"1188","October 2022",108.359375,"20221001"
"1189","October 2022",108.359375,"20221001"
"1190","October 2022",108.359375,"20221001"
"1191","October 2022",102.3916015625,"20221001"
"1192","October 2022",102.3916015625,"20221001"
"1193","October 2022",102.3916015625,"20221001"
"1194","October 2022",103.0322265625,"20221001"
"1195","October 2022",102.3916015625,"20221001"
"1196","October 2022",103.0322265625,"20221001"
"1197","October 2022",102.8369140625,"20221001"
"1198","October 2022",102.8369140625,"20221001"
"1199","October 2022",102.8369140625,"20221001"
"1200","October 2022",102.8369140625,"20221001"
"1201","November 2022",70.40625,"20221101"
"1202","November 2022",70.40625,"20221101"
"1203","November 2022",70.40625,"20221101"
"1204","November 2022",71.5166015625,"20221101"
"1205","November 2022",71.5166015625,"20221101"
"1206","November 2022",71.5166015625,"20221101"
"1207","November 2022",71.5166015625,"20221101"
"1208","November 2022",71.5166015625,"20221101"
"1209","November 2022",72.5498046875,"20221101"
"1210","November 2022",71.0078125,"20221101"
"1211","November 2022",65.4013671875,"20221101"
"1212","November 2022",65.4013671875,"20221101"
"1213","November 2022",65.4013671875,"20221101"
"1214","November 2022",65.4013671875,"20221101"
"1215","November 2022",65.4697265625,"20221101"
"1216","November 2022",65.4697265625,"20221101"
"1217","November 2022",65.4697265625,"20221101"
"1218","November 2022",65.4697265625,"20221101"
"1219","November 2022",65.4697265625,"20221101"
"1220","November 2022",60.9951171875,"20221101"
"1221","November 2022",71.876953125,"20221101"
"1222","November 2022",71.876953125,"20221101"
"1223","November 2022",79.1767578125,"20221101"
"1224","November 2022",79.1767578125,"20221101"
"1225","November 2022",79.1767578125,"20221101"
"1226","November 2022",79.1767578125,"20221101"
"1227","November 2022",84.1240234375,"20221101"
"1228","November 2022",84.3515625,"20221101"
"1229","November 2022",84.3515625,"20221101"
"1230","November 2022",84.3515625,"20221101"
"1231","November 2022",88.60546875,"20221101"
"1232","November 2022",88.60546875,"20221101"
"1233","November 2022",88.60546875,"20221101"
"1234","November 2022",88.60546875,"20221101"
"1235","November 2022",88.60546875,"20221101"
"1236","November 2022",88.60546875,"20221101"
"1237","November 2022",85.900390625,"20221101"
"1238","November 2022",85.900390625,"20221101"
"1239","November 2022",85.900390625,"20221101"
"1240","November 2022",85.900390625,"20221101"
"1241","November 2022",106.4765625,"20221101"
"1242","November 2022",106.4765625,"20221101"
"1243","November 2022",106.4765625,"20221101"
"1244","November 2022",114.5322265625,"20221101"
"1245","November 2022",114.5322265625,"20221101"
"1246","November 2022",114.5322265625,"20221101"
"1247","November 2022",114.5322265625,"20221101"
"1248","November 2022",114.5322265625,"20221101"
"1249","November 2022",119.3115234375,"20221101"
"1250","November 2022",119.3115234375,"20221101"
"1251","November 2022",123.8388671875,"20221101"
"1252","November 2022",134.2880859375,"20221101"
"1253","November 2022",134.2880859375,"20221101"
"1254","November 2022",132.640625,"20221101"
"1255","November 2022",132.640625,"20221101"
"1256","November 2022",132.640625,"20221101"
"1257","November 2022",132.640625,"20221101"
"1258","November 2022",132.640625,"20221101"
"1259","November 2022",132.640625,"20221101"
"1260","November 2022",132.640625,"20221101"
"1261","November 2022",125.958984375,"20221101"
"1262","November 2022",128.529296875,"20221101"
"1263","November 2022",128.529296875,"20221101"
"1264","November 2022",138.5869140625,"20221101"
"1265","November 2022",138.5869140625,"20221101"
"1266","November 2022",138.5869140625,"20221101"
"1267","November 2022",138.5869140625,"20221101"
"1268","November 2022",138.5869140625,"20221101"
"1269","November 2022",138.5869140625,"20221101"
"1270","November 2022",130.59765625,"20221101"
"1271","November 2022",91.1474609375,"20221101"
"1272","November 2022",91.1474609375,"20221101"
"1273","November 2022",87.29296875,"20221101"
"1274","November 2022",87.29296875,"20221101"
"1275","November 2022",87.29296875,"20221101"
"1276","November 2022",91.091796875,"20221101"
"1277","November 2022",91.091796875,"20221101"
"1278","November 2022",91.091796875,"20221101"
"1279","November 2022",91.091796875,"20221101"
"1280","November 2022",91.091796875,"20221101"
"1281","November 2022",100.931640625,"20221101"
"1282","November 2022",100.931640625,"20221101"
"1283","November 2022",100.931640625,"20221101"
"1284","November 2022",100.931640625,"20221101"
"1285","November 2022",100.931640625,"20221101"
"1286","November 2022",100.931640625,"20221101"
"1287","November 2022",104.451171875,"20221101"
"1288","November 2022",101.2587890625,"20221101"
"1289","November 2022",101.2587890625,"20221101"
"1290","November 2022",101.2587890625,"20221101"
"1291","November 2022",79.3984375,"20221101"
"1292","November 2022",79.3984375,"20221101"
"1293","November 2022",79.3984375,"20221101"
"1294","November 2022",78.767578125,"20221101"
"1295","November 2022",79.3984375,"20221101"
"1296","November 2022",78.767578125,"20221101"
"1297","November 2022",80.3984375,"20221101"
"1298","November 2022",80.3984375,"20221101"
"1299","November 2022",80.3984375,"20221101"
"1300","November 2022",80.3984375,"20221101"
